frame, time (nanoseconds)
0,117800
1,82600
2,44800
3,38100
4,45900
5,37100
6,36600
7,42700
8,40400
9,141000
10,53200
11,47400
12,62800
13,63200
14,49100
15,39900
16,51500
17,35300
18,43000
19,36400
20,35400
21,35600
22,35400
23,109500
24,39100
25,35900
26,36800
27,32700
28,36400
29,34900
30,35700
31,34900
32,35800
33,46100
34,48100
35,45100
36,35700
37,34200
38,33900
39,33400
40,33300
41,36200
42,48200
43,46900
44,42600
45,33400
46,35400
47,41700
48,31400
49,34300
50,35500
51,34700
52,33700
53,34000
54,33600
55,33800
56,33400
57,33700
58,33700
59,35700
60,33800
61,34700
62,33400
63,40700
64,49600
65,45100
66,40000
67,37500
68,37800
69,36600
70,31400
71,33100
72,36100
73,37600
74,37700
75,41500
76,33900
77,34700
78,29900
79,33600
80,33800
81,33700
82,59300
83,37400
84,35700
85,34800
86,35500
87,35000
88,34900
89,32300
90,36000
91,32400
92,33500
93,35500
94,35000
95,34800
96,34800
97,35200
98,35100
99,40200
100,35400
101,35600
102,37200
103,47100
104,44400
105,40900
106,38100
107,39900
108,37100
109,37900
110,37200
111,39300
112,38000
113,41600
114,36900
115,47800
116,45600
117,38800
118,42100
119,37300
120,36800
121,35300
122,35500
123,35100
124,35200
125,35100
126,42100
127,44500
128,43500
129,44500
130,48400
131,86900
132,38100
133,41900
134,35000
135,39600
136,34000
137,37300
138,33500
139,43500
140,47300
141,33400
142,37600
143,36600
144,33900
145,40600
146,33600
147,30600
148,35000
149,35400
150,39700
151,41400
152,35800
153,28400
154,37300
155,35600
156,30300
157,41200
158,36700
159,32400
160,40100
161,35400
162,34300
163,32200
164,34000
165,33200
166,35700
167,34600
168,39100
169,37000
170,42200
171,35800
172,37600
173,36300
174,41900
175,32300
176,38400
177,32600
178,39500
179,37500
180,37400
181,31800
182,36300
183,32000
184,36900
185,40700
186,36100
187,36300
188,37500
189,33500
190,28500
191,37300
192,32500
193,38600
194,30200
195,35000
196,37400
197,34700
198,35700
199,31800
200,31700
201,34600
202,37400
203,31200
204,37500
205,51400
206,37300
207,43100
208,34500
209,32000
210,45300
211,32600
212,37400
213,45100
214,32300
215,37300
216,35800
217,38400
218,36700
219,35000
220,39300
221,32600
222,35700
223,38500
224,41900
225,46400
226,35400
227,30100
228,36400
229,45300
230,34300
231,31500
232,40700
233,36800
234,45600
235,36400
236,39200
237,62000
238,39400
239,36200
240,33900
241,33700
242,32000
243,35000
244,31200
245,35300
246,35000
247,52100
248,32200
249,29000
250,35500
251,32100
252,33700
253,33900
254,33900
255,33600
256,34000
257,33600
258,35200
259,40200
260,37300
261,48200
262,37300
263,37600
264,27900
265,27200
266,35900
267,34500
268,34500
269,51700
270,35800
271,34700
272,33800
273,34300
274,33500
275,30000
276,33500
277,33500
278,34000
279,33400
280,34000
281,34000
282,33600
283,33800
284,33800
285,29800
286,33200
287,33800
288,35200
289,47200
290,46300
291,40100
292,39500
293,39800
294,39400
295,38600
296,38800
297,38800
298,38900
299,39400
300,39200
301,42500
302,47600
303,42200
304,39100
305,39000
306,38100
307,40000
308,38700
309,38800
310,38600
311,40200
312,54200
313,51400
314,39900
315,43400
316,51700
317,32700
318,31900
319,31400
320,32000
321,31500
322,31400
323,31200
324,31900
325,32500
326,36400
327,37800
328,33800
329,31200
330,37400
331,41900
332,34800
333,66600
334,34800
335,37900
336,35100
337,34100
338,34200
339,34500
340,34100
341,34400
342,34000
343,34200
344,34800
345,34300
346,34700
347,33800
348,69700
349,39400
350,40100
351,40000
352,39800
353,39200
354,39800
355,39400
356,39600
357,39300
358,39100
359,334700
360,829100
361,83800
362,127200
363,67800
364,54000
365,80000
366,57900
367,56700
368,49200
369,73600
370,90300
371,61700
372,51400
373,51800
374,48300
375,48900
376,48000
377,48400
378,48900
379,52400
380,47700
381,47400
382,114500
383,50200
384,48600
385,589700
386,65900
387,59500
388,53000
389,50300
390,66500
391,88100
392,77200
393,53300
394,48100
395,87100
396,50400
397,47300
398,88200
399,46700
400,47800
401,146300
402,50300
403,46500
404,51300
405,42900
406,63100
407,53600
408,41900
409,62800
410,41800
411,56700
412,38400
413,37800
414,63400
415,49400
416,50400
417,50700
418,51600
419,54600
420,52800
421,52800
422,53800
423,50900
424,50500
425,209900
426,252200
427,409100
428,159400
429,61700
430,49400
431,50100
432,132900
433,54400
434,227300
435,234400
436,748200
437,281200
438,62200
439,45000
440,40400
441,70800
442,53300
443,54300
444,49600
445,71600
446,111500
447,45600
448,50300
449,34700
450,40100
451,52500
452,81600
453,48700
454,201700
455,95800
456,409200
457,83800
458,54100
459,51600
460,52000
461,51400
462,70900
463,46200
464,51800
465,49600
466,39100
467,47000
468,39500
469,36400
470,35600
471,63900
472,50700
473,46400
474,41300
475,44900
476,43500
477,38200
478,40000
479,37900
480,35600
481,39600
482,38800
483,35300
484,59600
485,40600
486,38300
487,36800
488,36000
489,36300
490,37900
491,35100
492,38600
493,48100
494,37500
495,33400
496,33300
497,36500
498,32900
499,32800
500,37500
501,43100
502,38600
503,43700
504,31800
505,32900
506,33000
507,35500
508,49500
509,44600
510,34000
511,40500
512,49100
513,44200
514,54500
515,36000
516,48600
517,43400
518,33600
519,33200
520,33100
521,32400
522,33000
523,33300
524,33100
525,32600
526,33100
527,32700
528,32900
529,43300
530,46200
531,43500
532,44600
533,34300
534,37000
535,36300
536,35700
537,34800
538,39200
539,47500
540,37200
541,37300
542,39900
543,47100
544,35000
545,35300
546,35200
547,35300
548,34700
549,35100
550,34800
551,35100
552,34900
553,34700
554,34900
555,34900
556,34700
557,34900
558,34700
559,34700
560,34800
561,34700
562,35000
563,35000
564,38600
565,35100
566,35400
567,35000
568,35600
569,34900
570,35200
571,34900
572,35400
573,35700
574,35200
575,35200
576,35100
577,34900
578,35200
579,35100
580,41900
581,35400
582,35300
583,34700
584,35200
585,35600
586,39800
587,37400
588,34900
589,43400
590,65800
591,47800
592,45300
593,40800
594,36500
595,37900
596,42600
597,50200
598,43100
599,41700
600,42300
601,193700
602,82500
603,75700
604,59900
605,52200
606,52600
607,50400
608,58400
609,46900
610,54600
611,49700
612,47000
613,50800
614,42100
615,38000
616,45600
617,45300
618,36000
619,35400
620,36200
621,36300
622,38900
623,37700
624,57100
625,49300
626,42400
627,39400
628,52500
629,47100
630,38900
631,36000
632,46000
633,58200
634,57800
635,52800
636,50900
637,53400
638,52500
639,53500
640,50200
641,50600
642,48300
643,51200
644,51900
645,52300
646,50700
647,52200
648,50100
649,49900
650,48100
651,54100
652,49000
653,51700
654,48600
655,51500
656,47600
657,51400
658,50000
659,50600
660,51100
661,51200
662,49800
663,51100
664,51000
665,51300
666,46600
667,84000
668,45200
669,56700
670,37700
671,33500
672,472200
673,42600
674,36800
675,35000
676,35400
677,34900
678,34800
679,52400
680,48200
681,37100
682,35100
683,34600
684,34800
685,51400
686,60600
687,236400
688,48100
689,42100
690,36900
691,35100
692,35000
693,34900
694,42000
695,49000
696,40100
697,39600
698,38400
699,37500
700,37000
701,36600
702,38000
703,42700
704,46400
705,36300
706,37500
707,36900
708,34600
709,34500
710,34900
711,34900
712,34900
713,34900
714,34900
715,40300
716,52500
717,36400
718,32200
719,31700
720,37400
721,40600
722,56100
723,60100
724,43000
725,34100
726,32000
727,32100
728,31900
729,31700
730,31800
731,31500
732,31900
733,31700
734,31600
735,31800
736,31700
737,31900
738,31700
739,31600
740,32000
741,31600
742,31700
743,42900
744,46200
745,42200
746,38600
747,40800
748,37700
749,40700
750,37700
751,40700
752,38100
753,40600
754,37700
755,42300
756,38600
757,41300
758,39200
759,40800
760,38800
761,40500
762,37200
763,40800
764,39400
765,41600
766,38600
767,42400
768,41800
769,38900
770,40800
771,40700
772,42000
773,39300
774,41900
775,39500
776,41100
777,39800
778,43700
779,42500
780,45900
781,51000
782,46100
783,49000
784,42000
785,46800
786,38800
787,57400
788,46900
789,51900
790,53400
791,53200
792,40900
793,44700
794,47300
795,48000
796,36200
797,50900
798,43400
799,44100
800,41100
801,36400
802,41800
803,57100
804,59600
805,50200
806,47000
807,53600
808,51500
809,45600
810,36400
811,34900
812,34600
813,34900
814,35000
815,34700
816,34700
817,34900
818,35200
819,34700
820,35200
821,35000
822,35000
823,35200
824,35000
825,35100
826,34600
827,34700
828,34900
829,34700
830,35300
831,35800
832,34700
833,36400
834,35100
835,35300
836,35200
837,35200
838,34800
839,35400
840,35500
841,35500
842,35200
843,34900
844,35100
845,35200
846,35100
847,35200
848,35600
849,34800
850,35100
851,35700
852,35500
853,34800
854,34700
855,35500
856,41300
857,67300
858,65800
859,53400
860,44600
861,40300
862,53600
863,46700
864,38600
865,34600
866,44400
867,44600
868,40800
869,36800
870,35000
871,34300
872,58200
873,49600
874,46000
875,51300
876,38800
877,38700
878,40600
879,39200
880,35300
881,46900
882,46100
883,39800
884,43100
885,35200
886,34700
887,33200
888,37300
889,35600
890,37900
891,35000
892,46600
893,48800
894,43800
895,40900
896,36000
897,35700
898,34500
899,34800
900,37200
901,36900
902,37100
903,61300
904,55100
905,49100
906,43800
907,43000
908,36000
909,50500
910,45900
911,33500
912,38000
913,36500
914,35200
915,35000
916,34900
917,34300
918,34900
919,34300
920,35000
921,34900
922,34700
923,34200
924,34700
925,34400
926,35000
927,34600
928,34800
929,34200
930,34400
931,34500
932,34800
933,34200
934,34500
935,34300
936,34700
937,34100
938,35000
939,34500
940,34700
941,34600
942,34500
943,34200
944,34500
945,34600
946,35000
947,34500
948,34700
949,34300
950,34500
951,34400
952,34700
953,34700
954,34700
955,35000
956,123500
957,83300
958,49100
959,64500
960,50500
961,53400
962,43600
963,45200
964,37400
965,36100
966,36300
967,37200
968,36300
969,36200
970,36200
971,36100
972,35700
973,36100
974,36300
975,36700
976,36800
977,36400
978,36700
979,36100
980,35800
981,36200
982,36200
983,36100
984,35500
985,35700
986,46800
987,41900
988,37600
989,36300
990,36400
991,36300
992,36400
993,37100
994,37100
995,37500
996,36900
997,33100
998,39500
999,35100

