COUT, time (nanoseconds),,,PRINTF, time (nanoseconds)
0,1224200,,,0,92800
1,868900,,,1,125900
2,916600,,,2,41900
3,588700,,,3,53700
4,853400,,,4,42200
5,716300,,,5,36500
6,780200,,,6,33600
7,665000,,,7,46000
8,555400,,,8,41700
9,596300,,,9,44300
10,670800,,,10,40800
11,572000,,,11,45100
12,580800,,,12,48800
13,563800,,,13,46000
14,621500,,,14,38900
15,537400,,,15,41300
16,537200,,,16,44000
17,594500,,,17,39000
18,666600,,,18,38900
19,651300,,,19,41200
20,702500,,,20,39800
21,582200,,,21,39700
22,593000,,,22,64700
23,589400,,,23,51100
24,597400,,,24,49000
25,550200,,,25,55400
26,575300,,,26,37900
27,978600,,,27,40700
28,714700,,,28,35000
29,673500,,,29,34900
30,604000,,,30,35200
31,664500,,,31,35400
32,637400,,,32,35000
33,621400,,,33,36000
34,613200,,,34,52600
35,603400,,,35,39000
36,616700,,,36,37800
37,595300,,,37,37900
38,700600,,,38,37700
39,725500,,,39,37600
40,730300,,,40,40100
41,704700,,,41,39100
42,602400,,,42,38400
43,678000,,,43,37700
44,766600,,,44,44900
45,729500,,,45,53500
46,665300,,,46,40200
47,547300,,,47,35900
48,578300,,,48,48900
49,599700,,,49,39800
50,645700,,,50,38300
51,811200,,,51,37800
52,753400,,,52,37700
53,715000,,,53,37800
54,903100,,,54,38100
55,677600,,,55,37500
56,567500,,,56,48200
57,738000,,,57,63300
58,577700,,,58,53700
59,541800,,,59,41600
60,530300,,,60,40800
61,525700,,,61,40100
62,537800,,,62,36600
63,562300,,,63,41000
64,564900,,,64,37100
65,670700,,,65,36400
66,558800,,,66,36400
67,556200,,,67,36200
68,647200,,,68,36700
69,608000,,,69,42600
70,658500,,,70,57000
71,712800,,,71,46100
72,585700,,,72,51700
73,651200,,,73,57800
74,654100,,,74,48000
75,626900,,,75,44900
76,741200,,,76,41800
77,551800,,,77,39900
78,557600,,,78,39800
79,545500,,,79,40200
80,583700,,,80,41500
81,589500,,,81,39500
82,670800,,,82,41500
83,550000,,,83,50600
84,543200,,,84,49100
85,619200,,,85,47500
86,565500,,,86,50500
87,590100,,,87,55800
88,622900,,,88,127200
89,678800,,,89,83300
90,693300,,,90,62000
91,587400,,,91,36300
92,584800,,,92,45000
93,650000,,,93,48100
94,596400,,,94,60600
95,643600,,,95,46500
96,616100,,,96,45800
97,631100,,,97,42600
98,549400,,,98,41200
99,540100,,,99,41300
100,537800,,,100,42600
101,551800,,,101,47200
102,684500,,,102,46700
103,652200,,,103,40100
104,577500,,,104,36900
105,597500,,,105,36300
106,614300,,,106,38300
107,622300,,,107,39300
108,562500,,,108,49600
109,570600,,,109,51400
110,544800,,,110,47700
111,573600,,,111,58800
112,530100,,,112,74900
113,553200,,,113,56500
114,555500,,,114,58500
115,533000,,,115,40400
116,530100,,,116,39600
117,537400,,,117,38500
118,562300,,,118,39900
119,534000,,,119,39000
120,599100,,,120,39000
121,645100,,,121,39600
122,594300,,,122,39200
123,570500,,,123,39300
124,577100,,,124,39300
125,571000,,,125,38900
126,615400,,,126,38900
127,685100,,,127,38700
128,659800,,,128,38400
129,801900,,,129,38100
130,670400,,,130,38200
131,546600,,,131,38200
132,537700,,,132,39900
133,537100,,,133,40700
134,682500,,,134,37600
135,667400,,,135,40700
136,678000,,,136,747400
137,557200,,,137,48900
138,550400,,,138,37500
139,540100,,,139,40400
140,542500,,,140,38700
141,584900,,,141,37700
142,559800,,,142,41300
143,528900,,,143,61000
144,540400,,,144,36900
145,537100,,,145,37100
146,542000,,,146,54500
147,576000,,,147,43600
148,563500,,,148,49800
149,647300,,,149,43300
150,563500,,,150,42400
151,549400,,,151,40600
152,566900,,,152,40600
153,610100,,,153,40800
154,615100,,,154,41600
155,667700,,,155,41400
156,762700,,,156,39000
157,620300,,,157,40800
158,542400,,,158,41000
159,567900,,,159,42200
160,552100,,,160,42300
161,550700,,,161,42200
162,546300,,,162,42500
163,547100,,,163,42100
164,613100,,,164,40100
165,551500,,,165,41300
166,539500,,,166,41300
167,564600,,,167,52100
168,561900,,,168,60900
169,551000,,,169,44300
170,545600,,,170,39700
171,535100,,,171,39000
172,549800,,,172,39200
173,536800,,,173,39100
174,539400,,,174,38800
175,552300,,,175,38500
176,567000,,,176,38600
177,575800,,,177,36300
178,583200,,,178,39700
179,559800,,,179,39000
180,556300,,,180,39300
181,600100,,,181,40600
182,568700,,,182,39100
183,751900,,,183,39500
184,688000,,,184,38500
185,611900,,,185,37700
186,699800,,,186,38300
187,716500,,,187,37500
188,619000,,,188,45600
189,551100,,,189,48000
190,560900,,,190,71700
191,691400,,,191,244400
192,680300,,,192,167900
193,714700,,,193,38000
194,638300,,,194,83300
195,632300,,,195,52700
196,846400,,,196,51700
197,726700,,,197,51100
198,553500,,,198,192700
199,533500,,,199,70600
200,559500,,,200,427900
201,541300,,,201,67600
202,538800,,,202,101400
203,550900,,,203,107500
204,652100,,,204,50500
205,685200,,,205,59800
206,599500,,,206,89300
207,555900,,,207,40100
208,768800,,,208,41900
209,713900,,,209,41900
210,725300,,,210,40600
211,670400,,,211,40100
212,626500,,,212,39400
213,551100,,,213,39500
214,567200,,,214,39600
215,578200,,,215,38400
216,550700,,,216,47800
217,550800,,,217,66300
218,610700,,,218,41900
219,703300,,,219,40200
220,683700,,,220,37500
221,540300,,,221,40100
222,564800,,,222,57700
223,575900,,,223,46600
224,570200,,,224,39400
225,564500,,,225,37800
226,574700,,,226,41100
227,565700,,,227,39700
228,622200,,,228,39600
229,599400,,,229,40100
230,580800,,,230,40100
231,553800,,,231,39600
232,587900,,,232,40300
233,717500,,,233,44200
234,809200,,,234,49000
235,677700,,,235,51100
236,614200,,,236,79900
237,649800,,,237,35900
238,549500,,,238,32200
239,535100,,,239,31300
240,542200,,,240,31800
241,612400,,,241,31000
242,624600,,,242,32600
243,707000,,,243,32500
244,704700,,,244,29300
245,755400,,,245,29800
246,776000,,,246,43500
247,588100,,,247,46800
248,534200,,,248,45600
249,532300,,,249,42700
250,551600,,,250,51700
251,536500,,,251,42700
252,550800,,,252,39400
253,622800,,,253,56700
254,558500,,,254,42700
255,588000,,,255,40500
256,657200,,,256,39800
257,557700,,,257,38500
258,742500,,,258,41400
259,619600,,,259,40100
260,1327800,,,260,40500
261,836900,,,261,45400
262,618400,,,262,41800
263,679100,,,263,41200
264,626300,,,264,41700
265,614200,,,265,34300
266,685300,,,266,33200
267,596600,,,267,31500
268,642400,,,268,31700
269,595200,,,269,32300
270,741800,,,270,32700
271,729200,,,271,32000
272,625600,,,272,32500
273,615500,,,273,32400
274,672500,,,274,32900
275,756200,,,275,32900
276,619300,,,276,42800
277,689800,,,277,46600
278,717100,,,278,36100
279,602400,,,279,38500
280,682000,,,280,43900
281,685900,,,281,41900
282,1053900,,,282,36600
283,814900,,,283,41700
284,766300,,,284,31800
285,791000,,,285,36500
286,654300,,,286,32900
287,729400,,,287,33000
288,652400,,,288,36800
289,591300,,,289,36400
290,598600,,,290,33100
291,646600,,,291,32900
292,597800,,,292,34500
293,666600,,,293,30500
294,772800,,,294,35000
295,935200,,,295,37600
296,700300,,,296,30800
297,711900,,,297,33400
298,746700,,,298,35500
299,707600,,,299,37400
300,712000,,,300,36300
301,646900,,,301,33300
302,701400,,,302,33000
303,693800,,,303,42800
304,833200,,,304,38200
305,751900,,,305,39200
306,733900,,,306,43600
307,746400,,,307,40900
308,792000,,,308,31400
309,695900,,,309,33700
310,712500,,,310,32800
311,679500,,,311,32800
312,808800,,,312,42500
313,768800,,,313,43800
314,787800,,,314,42500
315,857200,,,315,33700
316,1668700,,,316,29400
317,1001500,,,317,33700
318,763700,,,318,30900
319,793100,,,319,35200
320,724300,,,320,47000
321,710000,,,321,49100
322,589500,,,322,42500
323,820200,,,323,31700
324,721300,,,324,29300
325,668400,,,325,29200
326,665700,,,326,29000
327,687700,,,327,29100
328,788900,,,328,28800
329,667300,,,329,29100
330,659800,,,330,29200
331,695900,,,331,29200
332,689300,,,332,29100
333,663200,,,333,29100
334,656900,,,334,29200
335,663000,,,335,28900
336,674000,,,336,28900
337,670300,,,337,29800
338,676900,,,338,47200
339,872300,,,339,32800
340,781700,,,340,34700
341,796900,,,341,38300
342,714000,,,342,41400
343,732400,,,343,40300
344,722300,,,344,39600
345,753500,,,345,38500
346,765500,,,346,29400
347,794500,,,347,29200
348,753000,,,348,29100
349,732100,,,349,29800
350,695400,,,350,29500
351,711900,,,351,31700
352,718800,,,352,29800
353,758100,,,353,29000
354,799400,,,354,29000
355,813500,,,355,28900
356,766900,,,356,29000
357,682300,,,357,28900
358,681000,,,358,28900
359,702100,,,359,29700
360,659100,,,360,29500
361,767300,,,361,29400
362,753400,,,362,29600
363,705400,,,363,29400
364,758100,,,364,29400
365,692600,,,365,31300
366,660300,,,366,29400
367,856300,,,367,29500
368,656200,,,368,29600
369,731400,,,369,29600
370,658800,,,370,29300
371,706000,,,371,29300
372,715200,,,372,29900
373,1076300,,,373,29700
374,799100,,,374,29700
375,752400,,,375,29600
376,727900,,,376,29200
377,852600,,,377,29000
378,742900,,,378,29300
379,746100,,,379,30700
380,690100,,,380,32300
381,674700,,,381,29600
382,671000,,,382,29500
383,702700,,,383,29300
384,814000,,,384,31600
385,754800,,,385,33300
386,717600,,,386,29600
387,636600,,,387,28900
388,967400,,,388,28800
389,881700,,,389,28700
390,1081100,,,390,28900
391,891200,,,391,28800
392,1045600,,,392,28700
393,1152200,,,393,28900
394,1064300,,,394,28800
395,1020900,,,395,28800
396,750100,,,396,28900
397,809100,,,397,28900
398,811600,,,398,28900
399,831700,,,399,28800
400,771000,,,400,28700
401,830100,,,401,28700
402,1731500,,,402,28800
403,831100,,,403,28900
404,1238000,,,404,29000
405,914600,,,405,225000
406,852400,,,406,29300
407,887100,,,407,28600
408,825900,,,408,28700
409,787600,,,409,28700
410,898600,,,410,28900
411,1381000,,,411,28800
412,843700,,,412,29200
413,1030300,,,413,29200
414,650700,,,414,44000
415,695200,,,415,39000
416,669200,,,416,37200
417,698700,,,417,34900
418,884900,,,418,40000
419,732900,,,419,31300
420,7705000,,,420,36700
421,937600,,,421,35500
422,8387900,,,422,36000
423,5284100,,,423,34200
424,789700,,,424,34400
425,1036300,,,425,33300
426,4274400,,,426,33800
427,885300,,,427,33200
428,996100,,,428,33400
429,747600,,,429,33300
430,769900,,,430,29000
431,907500,,,431,35400
432,1323100,,,432,33500
433,1623700,,,433,33700
434,1112000,,,434,33700
435,908300,,,435,28900
436,869600,,,436,33000
437,744800,,,437,33600
438,683700,,,438,33600
439,772100,,,439,33400
440,708000,,,440,33300
441,961300,,,441,33400
442,23997100,,,442,33400
443,74021100,,,443,33200
444,80821600,,,444,33600
445,61082700,,,445,33400
446,16764600,,,446,33900
447,6457200,,,447,33500
448,2118400,,,448,34000
449,4621200,,,449,33700
450,1203100,,,450,33900
451,934300,,,451,33900
452,1670600,,,452,33500
453,2414800,,,453,33300
454,1319500,,,454,33400
455,826000,,,455,33400
456,841000,,,456,34100
457,843000,,,457,29300
458,920100,,,458,33800
459,1221600,,,459,33900
460,2152300,,,460,33600
461,4221900,,,461,33500
462,1618900,,,462,33400
463,1786200,,,463,33500
464,943000,,,464,33600
465,1028800,,,465,33200
466,1532000,,,466,33400
467,1221100,,,467,33100
468,4846000,,,468,33500
469,948300,,,469,33300
470,904000,,,470,33300
471,848200,,,471,33500
472,1040300,,,472,33300
473,802300,,,473,33400
474,796900,,,474,33400
475,883700,,,475,33200
476,1912000,,,476,33300
477,1019600,,,477,33700
478,838100,,,478,29200
479,970900,,,479,33100
480,809400,,,480,33700
481,818400,,,481,33700
482,1100100,,,482,33300
483,1299000,,,483,33400
484,1473000,,,484,33600
485,848600,,,485,33600
486,891300,,,486,33600
487,945000,,,487,35400
488,1024100,,,488,38300
489,919900,,,489,33300
490,870800,,,490,33300
491,816100,,,491,33400
492,1800300,,,492,33300
493,1051800,,,493,33400
494,918100,,,494,33500
495,911600,,,495,33300
496,1097500,,,496,33500
497,866600,,,497,33700
498,885100,,,498,33300
499,961600,,,499,33600
500,839900,,,500,29300
501,863400,,,501,33800
502,930200,,,502,32900
503,879600,,,503,29700
504,826400,,,504,33100
505,809200,,,505,31300
506,795600,,,506,31100
507,806100,,,507,74600
508,1332200,,,508,136200
509,938500,,,509,99200
510,790000,,,510,109800
511,776900,,,511,37000
512,788500,,,512,41000
513,881700,,,513,40400
514,821100,,,514,39900
515,824600,,,515,40400
516,830100,,,516,43100
517,989700,,,517,46700
518,1029400,,,518,32600
519,1233900,,,519,31600
520,1006500,,,520,31200
521,1182700,,,521,33000
522,811900,,,522,44200
523,799400,,,523,42800
524,785000,,,524,41000
525,775600,,,525,50200
526,1136900,,,526,49600
527,663700,,,527,40800
528,687300,,,528,53700
529,773800,,,529,46600
530,792300,,,530,44900
531,741300,,,531,41300
532,755500,,,532,38100
533,770900,,,533,36100
534,764300,,,534,38700
535,745000,,,535,47700
536,786700,,,536,50200
537,838600,,,537,46100
538,883100,,,538,48600
539,797400,,,539,47000
540,835400,,,540,39500
541,886100,,,541,39600
542,909300,,,542,43800
543,858000,,,543,40000
544,913300,,,544,38300
545,890100,,,545,48900
546,901400,,,546,48900
547,1095600,,,547,42900
548,945300,,,548,37400
549,878500,,,549,37300
550,690300,,,550,33300
551,693300,,,551,34000
552,760000,,,552,41500
553,716100,,,553,39400
554,748600,,,554,46200
555,758200,,,555,47000
556,725000,,,556,40900
557,787900,,,557,38800
558,754700,,,558,38300
559,861900,,,559,40200
560,952900,,,560,39800
561,873600,,,561,47100
562,826300,,,562,43900
563,688000,,,563,44900
564,728800,,,564,46000
565,974300,,,565,40300
566,1270600,,,566,38800
567,917700,,,567,40600
568,1012500,,,568,38800
569,887800,,,569,39500
570,779600,,,570,39000
571,909900,,,571,42100
572,734700,,,572,38900
573,730600,,,573,39700
574,656600,,,574,40600
575,633400,,,575,41300
576,731800,,,576,40600
577,763200,,,577,39600
578,826400,,,578,38600
579,798800,,,579,39900
580,886600,,,580,40400
581,809800,,,581,41000
582,721900,,,582,40100
583,666000,,,583,44700
584,726200,,,584,49800
585,816600,,,585,47900
586,742900,,,586,34800
587,702900,,,587,32300
588,759200,,,588,34200
589,736300,,,589,42200
590,755800,,,590,41800
591,738200,,,591,39900
592,678900,,,592,40000
593,675700,,,593,40300
594,664900,,,594,40500
595,720100,,,595,41300
596,687800,,,596,41800
597,658300,,,597,40100
598,729900,,,598,38000
599,622200,,,599,45500
600,622400,,,600,39600
601,808000,,,601,39000
602,777700,,,602,37500
603,861000,,,603,36400
604,722200,,,604,36300
605,608800,,,605,44800
606,692400,,,606,41300
607,929600,,,607,44600
608,829100,,,608,35400
609,696200,,,609,39400
610,658500,,,610,36800
611,690500,,,611,33700
612,960900,,,612,39400
613,940000,,,613,43700
614,692000,,,614,36000
615,665200,,,615,40700
616,711400,,,616,37500
617,626600,,,617,47400
618,564900,,,618,44100
619,560400,,,619,50900
620,591200,,,620,46100
621,543200,,,621,44700
622,543200,,,622,49700
623,556400,,,623,59500
624,645900,,,624,44500
625,609700,,,625,39500
626,668200,,,626,46400
627,710900,,,627,50100
628,668800,,,628,42900
629,539800,,,629,54500
630,564900,,,630,42400
631,704400,,,631,34000
632,885200,,,632,29400
633,946300,,,633,29300
634,997800,,,634,29400
635,950400,,,635,29100
636,898600,,,636,29100
637,1269000,,,637,29000
638,696500,,,638,29000
639,650700,,,639,29000
640,751400,,,640,29200
641,797900,,,641,29000
642,816400,,,642,29000
643,665100,,,643,55700
644,821900,,,644,34300
645,827600,,,645,30300
646,1200000,,,646,29100
647,986700,,,647,29100
648,920400,,,648,29300
649,1345900,,,649,29100
650,876700,,,650,29100
651,866900,,,651,29600
652,905500,,,652,29500
653,1028200,,,653,29000
654,897000,,,654,29000
655,2099900,,,655,29100
656,1337200,,,656,29000
657,1003300,,,657,29200
658,903200,,,658,29100
659,861000,,,659,29100
660,888700,,,660,29100
661,874200,,,661,29400
662,1054600,,,662,29100
663,939400,,,663,29500
664,1324200,,,664,29800
665,2852600,,,665,29700
666,909400,,,666,29400
667,1016000,,,667,29200
668,2730300,,,668,29000
669,946300,,,669,29000
670,962500,,,670,29000
671,890500,,,671,28900
672,895700,,,672,29000
673,993600,,,673,29000
674,834600,,,674,28800
675,932300,,,675,29200
676,2344800,,,676,31200
677,1258300,,,677,39700
678,1998900,,,678,37500
679,1048900,,,679,32900
680,822100,,,680,35600
681,1801600,,,681,32700
682,940100,,,682,33900
683,935100,,,683,31700
684,840800,,,684,29600
685,861300,,,685,35400
686,827300,,,686,30200
687,868800,,,687,29800
688,1319200,,,688,32200
689,1154700,,,689,33300
690,985700,,,690,31600
691,814200,,,691,29800
692,924800,,,692,37400
693,925700,,,693,37100
694,678900,,,694,45700
695,872000,,,695,43400
696,720700,,,696,35900
697,784900,,,697,32200
698,862300,,,698,32800
699,1121200,,,699,32700
700,869700,,,700,30800
701,734000,,,701,44700
702,759000,,,702,32500
703,801700,,,703,33900
704,682900,,,704,30000
705,648600,,,705,35700
706,666100,,,706,31900
707,618800,,,707,32700
708,602500,,,708,34800
709,769800,,,709,29500
710,1301400,,,710,30700
711,921300,,,711,42300
712,1023400,,,712,41200
713,966500,,,713,33100
714,963700,,,714,31800
715,1200100,,,715,32800
716,2230200,,,716,28500
717,870200,,,717,28600
718,1148300,,,718,28600
719,1051200,,,719,28800
720,1053800,,,720,28500
721,1533900,,,721,28400
722,881200,,,722,28400
723,851900,,,723,28400
724,1432100,,,724,29000
725,963800,,,725,28500
726,821100,,,726,28500
727,622700,,,727,28500
728,696100,,,728,28600
729,745900,,,729,28500
730,772100,,,730,31800
731,553300,,,731,29600
732,713200,,,732,28500
733,755800,,,733,28400
734,744200,,,734,30500
735,703000,,,735,31000
736,697700,,,736,33800
737,635900,,,737,29700
738,547100,,,738,28500
739,580600,,,739,28800
740,549600,,,740,28600
741,569800,,,741,28600
742,543100,,,742,28700
743,544700,,,743,28700
744,572800,,,744,28600
745,591800,,,745,28700
746,544700,,,746,28700
747,786200,,,747,28700
748,680200,,,748,28700
749,652900,,,749,28700
750,569300,,,750,28600
751,551000,,,751,28700
752,548000,,,752,28900
753,556000,,,753,28600
754,565800,,,754,28800
755,596700,,,755,28700
756,552300,,,756,28600
757,613300,,,757,28500
758,546900,,,758,28600
759,548000,,,759,28400
760,564100,,,760,28500
761,598400,,,761,29000
762,561100,,,762,28600
763,638600,,,763,28800
764,681500,,,764,29400
765,642100,,,765,28700
766,550600,,,766,28500
767,595100,,,767,28600
768,555600,,,768,28700
769,552200,,,769,28700
770,553200,,,770,28600
771,545200,,,771,28700
772,547900,,,772,28800
773,613000,,,773,28700
774,750400,,,774,28800
775,662900,,,775,28700
776,698000,,,776,29100
777,670000,,,777,28900
778,541100,,,778,28900
779,609100,,,779,29100
780,571400,,,780,28800
781,550400,,,781,28700
782,552000,,,782,28600
783,544600,,,783,28600
784,564100,,,784,28600
785,544500,,,785,28500
786,593200,,,786,29100
787,547700,,,787,28700
788,550700,,,788,28700
789,545300,,,789,28600
790,572000,,,790,28700
791,579300,,,791,28600
792,779200,,,792,28500
793,667000,,,793,28900
794,569500,,,794,28600
795,571800,,,795,28800
796,570400,,,796,34900
797,546300,,,797,28800
798,558600,,,798,28700
799,598900,,,799,29000
800,805200,,,800,28900
801,588000,,,801,29200
802,556900,,,802,28800
803,547000,,,803,28800
804,629100,,,804,28800
805,735900,,,805,28800
806,561700,,,806,28700
807,546500,,,807,28900
808,544000,,,808,28900
809,555500,,,809,28800
810,551100,,,810,28900
811,565300,,,811,28800
812,614600,,,812,28800
813,549600,,,813,28700
814,638300,,,814,29100
815,550700,,,815,28900
816,553400,,,816,28900
817,566900,,,817,28900
818,594600,,,818,28700
819,618300,,,819,28700
820,690800,,,820,28800
821,645500,,,821,28900
822,552700,,,822,28700
823,546800,,,823,29000
824,595800,,,824,28900
825,555700,,,825,28700
826,648900,,,826,28600
827,601800,,,827,29000
828,555800,,,828,28800
829,549200,,,829,28800
830,560000,,,830,28800
831,550000,,,831,28900
832,552300,,,832,28800
833,546600,,,833,28700
834,574500,,,834,29100
835,538900,,,835,34300
836,545100,,,836,32900
837,535600,,,837,32800
838,536100,,,838,33300
839,536200,,,839,32900
840,535800,,,840,32800
841,536000,,,841,32700
842,535300,,,842,32600
843,535400,,,843,33600
844,539200,,,844,33500
845,535400,,,845,32600
846,535500,,,846,33200
847,536000,,,847,33100
848,536000,,,848,33000
849,554200,,,849,33700
850,636600,,,850,32800
851,543700,,,851,32400
852,542900,,,852,31900
853,537700,,,853,33800
854,537200,,,854,32600
855,639100,,,855,30900
856,546700,,,856,32100
857,535000,,,857,29200
858,534300,,,858,28800
859,532600,,,859,28700
860,533100,,,860,28500
861,533600,,,861,28600
862,534300,,,862,28500
863,536000,,,863,28400
864,557200,,,864,29200
865,608300,,,865,30100
866,536100,,,866,29000
867,534100,,,867,29100
868,534500,,,868,28700
869,535300,,,869,28700
870,534200,,,870,28600
871,535000,,,871,29200
872,534200,,,872,28800
873,534800,,,873,28700
874,663500,,,874,28500
875,697800,,,875,28800
876,686200,,,876,28900
877,690800,,,877,29000
878,681000,,,878,28600
879,601100,,,879,29100
880,700400,,,880,28600
881,686800,,,881,28600
882,757800,,,882,28600
883,713400,,,883,28600
884,632300,,,884,28800
885,797600,,,885,29100
886,710800,,,886,28600
887,681500,,,887,28900
888,664900,,,888,28700
889,776600,,,889,28800
890,705200,,,890,28700
891,740200,,,891,28800
892,679600,,,892,28600
893,674600,,,893,29100
894,675300,,,894,28500
895,680700,,,895,28900
896,672200,,,896,29100
897,674100,,,897,28800
898,674000,,,898,28900
899,676300,,,899,29100
900,673600,,,900,29200
901,688600,,,901,28700
902,667500,,,902,28800
903,515400,,,903,28800
904,715600,,,904,28400
905,782300,,,905,28800
906,700100,,,906,28600
907,696900,,,907,28700
908,702700,,,908,28800
909,692200,,,909,29200
910,693800,,,910,28500
911,692100,,,911,28700
912,694600,,,912,28900
913,696200,,,913,28800
914,548400,,,914,33600
915,651000,,,915,29200
916,699300,,,916,28900
917,695200,,,917,28900
918,695100,,,918,28700
919,690100,,,919,28600
920,708700,,,920,29100
921,693700,,,921,29000
922,692900,,,922,28900
923,701500,,,923,28900
924,693800,,,924,28700
925,688500,,,925,29300
926,686800,,,926,29400
927,592000,,,927,29000
928,853600,,,928,28800
929,700300,,,929,37600
930,698300,,,930,38500
931,695600,,,931,29700
932,696100,,,932,29000
933,694900,,,933,28800
934,694000,,,934,29300
935,694500,,,935,28800
936,694500,,,936,28900
937,701000,,,937,28800
938,565500,,,938,28900
939,591900,,,939,28900
940,701100,,,940,28900
941,705000,,,941,28800
942,696400,,,942,28500
943,694800,,,943,28600
944,688600,,,944,28700
945,693500,,,945,28700
946,692200,,,946,28800
947,690500,,,947,29000
948,691100,,,948,28500
949,682200,,,949,28800
950,689200,,,950,28800
951,633600,,,951,28800
952,685700,,,952,29300
953,702100,,,953,28900
954,684200,,,954,28800
955,692200,,,955,28800
956,692900,,,956,28800
957,691700,,,957,28700
958,704300,,,958,29000
959,694200,,,959,29000
960,689600,,,960,28700
961,690700,,,961,28900
962,693300,,,962,28700
963,698500,,,963,28600
964,704000,,,964,28700
965,692400,,,965,28800
966,694600,,,966,28800
967,690800,,,967,28700
968,690900,,,968,28800
969,694700,,,969,28800
970,695800,,,970,28600
971,692800,,,971,29800
972,686800,,,972,29200
973,1125700,,,973,29300
974,912600,,,974,29100
975,748500,,,975,48000
976,784800,,,976,60500
977,792600,,,977,47300
978,829700,,,978,55400
979,792400,,,979,49400
980,693900,,,980,43900
981,560200,,,981,36200
982,541800,,,982,34500
983,793400,,,983,33300
984,642400,,,984,35300
985,635900,,,985,32900
986,677300,,,986,32100
987,679100,,,987,32800
988,610200,,,988,33100
989,619100,,,989,32400
990,586800,,,990,33000
991,847000,,,991,32900
992,707800,,,992,32600
993,703000,,,993,33100
994,732300,,,994,32800
995,1200100,,,995,33000
996,784600,,,996,32700
997,710800,,,997,33000
998,690100,,,998,32900
999,742600,,,999,32700
